#{"t_start": 1711607050.050625, "env_id": "None"}
r,l,t
-7.0,151,0.748144
-3.0,151,0.808372
-13.0,151,0.874945
1.0,151,0.958484
7.0,151,1.042087
-7.0,151,1.111527
-5.0,151,1.174969
11.0,151,1.241549
-5.0,151,1.318401
-11.0,151,1.385099
19.0,151,1.468836
-15.0,151,1.541643
1.0,151,1.610803
-21.0,151,1.675028
-3.0,151,1.749156
-19.0,151,1.818391
7.0,151,1.88446
3.0,151,1.95123
-3.0,151,2.024857
-1.0,151,2.093238
7.0,151,2.159935
-5.0,151,2.237991
-13.0,151,2.305594
-7.0,151,2.368443
-1.0,151,2.441516
-9.0,151,2.50833
1.0,151,2.574949
23.0,151,2.645681
-1.0,151,2.708338
11.0,151,2.774853
-7.0,151,2.844207
5.0,151,2.91846
1.0,151,2.991537
9.0,151,3.086652
3.0,151,3.158592
-1.0,151,3.224803
-7.0,151,3.291527
11.0,151,3.369355
-9.0,151,3.434964
-3.0,151,3.53483
-11.0,151,3.597062
-11.0,151,3.674202
-7.0,151,3.741501
-9.0,151,3.80831
3.0,151,3.881103
9.0,151,3.941491
5.0,151,4.018576
-5.0,151,4.091896
1.0,151,4.168072
-11.0,151,4.264736
-3.0,151,4.619491
-23.0,151,4.772151
7.0,151,4.848168
-1.0,151,4.922121
34.561798,240,6.855964
23.0,151,6.924768
27.0,151,6.991493
9.0,151,7.058241
19.0,151,7.141582
19.0,151,7.208259
7.0,151,7.274918
3.0,151,7.341579
21.0,151,7.408263
21.0,151,7.474932
-1.0,151,7.558389
39.0,151,7.663092
21.0,151,7.741818
60.442478,264,7.858338
9.0,151,7.941554
7.0,151,8.008185
9.0,151,8.085441
13.0,151,8.15839
17.0,151,8.225058
9.0,151,8.291502
19.0,151,8.375045
23.0,151,8.451984
47.423729,269,8.591835
7.0,151,8.67536
45.063946,346,8.88546
6.515464,248,9.008458
27.0,151,9.084646
31.0,151,9.158407
39.0,151,9.24165
23.0,151,9.308293
-1.0,151,9.385499
21.0,151,9.458514
1.0,151,9.524899
33.0,151,9.625304
17.0,151,9.705238
29.0,151,9.774891
11.0,151,9.844545
7.0,151,9.90819
23.0,151,9.974732
27.0,151,10.041407
23.0,151,10.108215
21.0,151,10.195025
13.0,151,10.269575
11.0,151,10.324897
23.0,151,10.402077
37.0,151,10.46822
9.0,151,10.54167
31.0,151,10.608191
13.0,151,10.674895
24.769231,216,10.775078
31.0,151,12.832147
39.0,151,12.912415
19.0,151,12.993661
84.003528,310,13.145871
63.0,151,13.219308
17.0,151,13.29353
104.912621,543,13.581316
61.913574,377,13.778737
49.0,151,13.859757
23.0,151,13.924938
110.390798,489,14.15833
53.490196,253,14.294268
13.0,151,14.359163
82.33557,300,14.508222
27.0,151,14.590577
105.300922,326,14.734935
17.0,151,14.808824
49.307026,308,14.944505
13.0,151,15.026054
37.862069,209,15.146974
11.0,151,15.20824
11.0,151,15.274862
-7.0,151,15.351458
37.333333,301,15.488884
29.0,151,15.559703
25.0,151,15.635467
11.0,151,15.695105
31.0,151,15.775111
31.0,151,15.84465
57.454545,261,15.988566
15.0,151,16.058585
50.893963,382,16.250774
17.0,151,16.326447
53.0,151,16.392252
43.0,151,16.458061
88.072719,341,16.626833
57.409836,273,16.74363
132.507264,481,18.785083
284.119476,728,19.108269
294.675095,1015,19.594281
111.844151,389,19.775744
244.863936,1069,20.273391
79.33157,302,20.408616
226.663913,900,20.83739
231.633545,1317,21.500734
58.105769,335,21.648477
89.140889,335,21.810549
239.567948,813,22.210979
228.612847,1689,24.834044
261.344268,1446,25.553149
266.532827,1589,26.344883
244.079394,1477,27.319985
364.784827,1649,28.149224
109.31445,306,28.284022
168.45478,488,28.508889
298.524181,1179,31.174699
298.730459,1309,31.801256
208.198097,451,32.007685
302.373226,1429,32.691242
287.470445,1331,33.291732
350.26011,1537,34.091051
288.189429,1216,36.390917
417.772261,1409,37.091195
246.691671,1050,37.640874
315.41953,1266,38.216179
356.857903,1180,38.760572
298.775688,1308,39.424358
265.056256,1001,39.901097
422.722937,1399,42.350887
279.743931,1127,42.891186
325.696001,1070,43.459255
406.272397,1016,43.974367
280.858134,1261,44.575203
299.068371,1215,45.185944
216.82585,1231,45.801291
344.387239,1279,48.37445
274.36837,1078,48.874203
266.503679,1056,49.367339
322.819277,1039,49.840725
300.632983,1045,50.390623
311.335672,1030,50.857294
302.628933,988,51.317505
284.199371,1085,51.840608
348.946415,1147,54.140611
300.100658,979,54.607207
308.68545,918,55.057232
330.871198,1146,55.607345
266.7054,1016,56.090659
271.878838,954,56.538839
285.247567,943,57.011124
287.179355,1106,57.541117
369.187213,1279,59.941944
398.58087,1232,60.512102
355.759203,1013,61.068247
330.618575,1218,62.057548
294.458363,1063,62.549553
342.176804,1024,63.021152
273.064913,941,63.52593
337.043984,929,65.756969
310.497979,791,66.207098
278.144718,815,66.741523
240.043488,882,67.20327
333.442818,1037,67.690517
391.348517,1007,68.17633
293.2002,979,68.673846
371.708537,918,69.106943
239.454207,955,69.574456
192.991054,827,71.749707
355.943973,946,72.189479
330.714815,1087,72.716936
250.610825,870,73.106885
295.506054,1101,73.623523
209.213968,911,74.061759
340.32302,945,74.511782
394.617639,998,75.006796
334.987328,932,75.442832
347.674144,1069,77.717114
292.937016,920,78.157066
301.733873,985,78.649559
353.372056,973,79.113338
339.147044,939,79.556996
318.650016,893,79.986324
313.397149,976,80.433087
395.319696,1000,80.890079
342.837417,976,83.10809
239.519432,759,83.473437
292.132957,828,83.856664
348.693473,1158,84.392958
374.5532,994,84.843205
288.560178,993,85.306894
305.120053,822,85.690164
322.624476,815,86.056678
260.351108,801,86.406657
298.605354,773,88.516551
352.250757,798,88.890108
358.116621,800,89.249431
350.050915,913,89.706775
331.339961,947,90.139845
301.026553,804,90.507487
292.337727,855,90.915078
471.231917,1010,91.373146
252.067888,997,91.845014
323.306426,950,94.092429
327.901703,870,94.499314
282.914243,841,94.896899
257.647161,636,95.18874
311.961206,698,95.502097
366.065582,887,95.937866
267.944841,896,96.342781
434.039317,984,96.789765
356.7336,836,97.166423
306.923291,828,97.539705
448.484771,1134,99.823292
350.999667,790,100.191296
290.624879,771,100.542738
301.469144,945,100.97317
267.663536,799,101.332553
382.915218,728,101.667309
402.960904,912,102.073137
353.962188,899,102.493218
234.093046,666,102.790958
300.058018,819,103.156409
249.651586,896,105.306328
280.673276,906,105.716522
344.561773,866,106.139692
409.369218,869,106.543149
326.481473,919,106.97021
303.393381,754,107.339622
292.321229,738,107.666294
283.400611,737,107.989573
247.722359,850,108.382461
337.710652,979,108.832426
418.190725,1095,111.106466
380.472803,776,111.456288
355.233081,980,111.906138
306.719713,831,112.281081
371.987206,909,112.72868
226.588648,710,113.042959
309.84373,872,113.442174
311.044508,870,113.83997
280.838874,780,114.19048
338.437524,848,116.341891
268.506546,709,116.673396
344.541378,825,117.065424
320.652048,827,117.439562
354.83671,948,117.872713
349.908153,942,118.293217
275.87465,829,118.68322
288.199138,922,119.120246
356.815584,924,119.522704
280.600993,830,119.930036
359.838829,962,122.172667
370.443142,957,122.607566
316.496263,826,122.998852
302.594365,745,123.407251
311.022011,877,123.797817
292.831897,880,124.215132
301.742131,809,124.572632
313.160007,860,124.955938
274.536214,863,125.341743
366.895997,918,127.539184
295.871905,886,127.939193
410.897563,963,128.366079
309.948831,739,128.702168
383.130317,865,129.091713
244.909854,853,129.48801
353.716892,880,129.905789
313.226375,895,130.3306
323.438877,669,130.639274
290.739128,772,130.991614
280.273572,797,133.106161
376.335762,775,133.45667
332.972011,823,133.842062
289.581977,679,134.15586
358.543985,799,134.541274
378.848432,897,134.941584
357.442854,713,135.267281
346.994312,768,135.623075
300.82795,932,136.081922
262.204206,838,136.489166
325.832353,879,138.691495
394.084007,666,138.988936
309.697541,767,139.323901
329.367872,625,139.625979
273.845464,820,140.005679
254.502146,757,140.405967
255.293988,740,140.743052
316.199888,667,141.072324
314.892278,804,141.444465
305.760155,698,141.758101
265.582176,723,142.08258
342.832858,735,144.373878
371.669755,893,144.784187
299.167649,791,145.172565
373.011291,973,145.616082
371.611155,854,146.005531
366.983016,821,146.372244
422.54213,1032,146.889125
383.943061,767,147.252031
321.070573,829,147.632374
299.771885,798,148.015502
315.688164,800,150.205776
359.467657,932,150.632237
357.375746,815,151.022091
355.794138,876,151.422272
386.990946,887,151.832111
338.685569,706,152.155433
349.111753,838,152.532745
282.312677,730,152.865655
328.924691,835,153.25868
317.446274,875,153.649297
286.528566,818,155.888823
313.762982,710,156.192007
286.648775,702,156.520945
356.021206,913,156.942678
399.395649,813,157.335623
404.470768,861,157.741121
287.675245,735,158.071957
220.967856,800,158.43151
407.739822,981,158.872031
344.729096,815,159.257026
330.107849,823,161.358574
278.612129,772,161.705437
339.876769,822,162.091655
354.375797,755,162.455201
349.663414,890,162.882386
334.007792,836,163.261807
441.356715,845,163.657517
334.674426,837,164.071846
325.187091,822,164.441231
245.414958,797,164.80523
279.458214,755,166.922258
307.841713,705,167.248199
311.1871,802,167.621871
245.500257,835,168.048913
254.929127,853,168.422366
314.890794,872,168.836786
246.620791,722,169.181745
306.871176,1061,169.647894
323.060266,736,170.005341
249.10872,724,170.365054
317.971251,848,172.581217
314.509833,848,172.954958
331.305186,705,173.28459
296.43639,830,173.648813
392.242957,1009,174.105
279.989009,754,174.480677
412.060989,914,174.905061
314.875252,721,175.255659
333.723715,828,175.647256
320.374721,730,175.980647
283.738484,692,178.104921
341.196322,738,178.45627
319.272045,848,178.848318
292.947367,783,179.198775
326.210656,721,179.538216
298.922665,763,179.898419
322.727925,810,180.341418
287.277954,823,180.738471
328.338524,874,181.155535
282.447816,780,181.504919
321.80563,833,183.680462
301.684101,715,184.005032
279.642434,827,184.378625
286.437252,647,184.654768
381.43698,936,185.130964
388.933181,827,185.522081
284.364921,682,185.82142
253.376694,757,186.17144
209.975183,696,186.49037
277.340892,680,186.790592
333.643861,768,187.138194
399.865705,774,189.340509
331.329192,835,189.714679
291.349123,865,190.091493
292.665406,762,190.457815
321.875116,701,190.795811
322.74539,802,191.171412
349.040365,819,191.590463
354.024072,779,191.94046
316.81174,793,192.30188
307.118107,770,192.640896
306.251438,802,194.741358
330.784337,686,195.071238
364.271473,793,195.456414
292.637886,693,195.789435
318.103906,779,196.140917
336.786488,763,196.504638
298.424492,787,196.871744
281.678631,742,197.214759
362.612696,844,197.602121
290.893238,700,197.940829
283.627585,871,198.340869
315.724798,751,200.440303
345.407525,822,200.814343
329.566289,748,201.154634
281.923402,760,201.504427
341.591899,870,201.931191
292.958196,659,202.221129
387.196804,863,202.630414
391.878241,838,203.021121
362.235259,918,203.471145
361.393084,769,203.814411
261.05323,708,205.981051
303.447488,715,206.330522
341.087122,855,206.704295
331.932871,889,207.122208
296.252552,665,207.421002
329.719287,802,207.787749
317.825539,691,208.104359
367.953467,749,208.498684
357.025565,811,208.854286
294.893292,735,209.19067
432.714997,843,209.587662
357.692242,865,211.820946
391.50269,914,212.247086
407.244683,934,212.687566
326.991908,622,212.984557
324.343954,798,213.371197
294.09482,761,213.737543
279.885923,665,214.044466
267.143228,755,214.380499
388.532819,903,214.787494
304.494876,782,215.154291
288.245369,774,217.320668
300.578584,762,217.671081
359.385566,896,218.070765
399.512151,742,218.404163
325.221019,867,218.805744
315.865261,688,219.146428
464.516391,756,219.480251
309.561497,612,219.759612
294.514022,682,220.054085
291.463499,844,220.458164
316.694433,822,220.835765
301.733583,790,223.021474
347.962829,750,223.354167
326.608275,871,223.772782
342.051783,887,224.198082
312.050356,769,224.546825
357.07376,705,224.853975
291.182285,779,225.207529
290.418965,742,225.604007
309.517235,800,225.969618
277.497681,801,226.338989
318.850369,814,228.490221
363.532478,770,228.854195
303.891971,766,229.204194
352.763263,651,229.522629
402.496796,748,229.853856
290.419761,810,230.220515
349.492208,847,230.62052
391.960418,818,231.005332
235.772831,684,231.380527
361.199193,806,231.746232
281.361489,651,232.079362
209.979575,713,234.154377
336.289436,905,234.570472
260.254458,625,234.853802
375.150265,884,235.254083
368.033942,821,235.642081
301.716708,758,235.995535
224.273377,664,236.295052
256.220241,712,236.630078
383.160063,807,237.020466
299.294956,802,237.414106
410.565577,1114,239.643502
322.28571,968,240.114232
294.397642,1054,240.586983
279.712133,658,240.903793
287.78634,1090,241.403983
383.717967,895,241.829314
351.325295,932,242.247205
397.203012,551,242.52038
208.825792,426,242.720303
208.167874,527,242.953639
312.101348,787,243.32038
340.051774,940,245.603787
356.60024,953,246.030234
342.610732,840,246.40367
245.070127,914,246.853556
298.795488,914,247.267869
306.370375,793,247.620211
334.316923,1130,248.129278
325.924931,784,248.483862
350.009974,906,248.903561
241.81727,707,250.987115
312.508539,801,251.353518
379.855431,821,251.760879
339.981771,941,252.180176
304.658583,814,252.54749
349.716584,837,252.970059
263.621123,809,253.324115
264.193904,644,253.635763
356.235708,831,254.053407
395.380844,938,254.470073
310.662483,834,256.620276
312.48209,755,256.998498
358.380194,921,257.403329
288.878488,819,257.786744
258.069117,688,258.120041
350.749855,838,258.503366
313.279683,758,258.86342
283.111455,694,259.186609
339.230184,854,259.587168
232.453074,731,259.913552
237.205031,774,262.099093
267.309568,771,262.439678
324.169282,790,262.802305
312.106404,687,263.140595
318.491024,845,263.578555
322.682273,649,263.891788
332.448808,810,264.262009
326.56346,778,264.603371
349.745694,887,265.019862
352.351738,889,265.42103
309.492029,795,267.529798
384.901469,840,267.939322
300.824355,840,268.313452
397.918881,911,268.736439
363.247309,781,269.113334
300.043994,646,269.403135
314.927981,859,269.813524
376.985667,824,270.197169
354.541532,795,270.572257
359.66068,799,270.942548
365.501305,774,271.296956
342.374412,736,273.453221
328.870653,952,273.886586
340.0815,933,274.324982
282.502244,672,274.6364
422.955156,837,275.036465
346.644569,890,275.439994
232.449556,687,275.765679
224.164091,640,276.055176
346.343335,779,276.419877
421.680749,914,276.840354
286.452063,779,279.029056
347.154413,679,279.338762
329.485535,792,279.689794
263.333683,859,280.099335
340.910923,639,280.38977
315.77256,915,280.838476
452.764906,901,281.245698
360.677137,771,281.602901
443.954426,781,282.002866
402.397463,695,282.328055
284.660966,593,282.586199
311.696245,734,284.686405
359.443348,741,285.020014
274.523888,831,285.402946
330.586361,907,285.836229
310.371751,713,286.186497
314.348774,808,286.553116
361.64348,881,286.983533
345.036023,767,287.352708
291.796388,769,287.686766
320.229437,862,288.10278
346.819527,793,290.219666
364.345562,816,290.6194
425.102745,843,291.009138
364.778788,743,291.338535
343.774893,851,291.729394
325.802152,791,292.110485
320.732599,715,292.439497
294.533411,705,292.763217
333.402581,766,293.119541
369.096205,583,293.404594
337.860228,717,293.719305
370.426454,781,295.859013
359.724791,618,296.13634
262.816192,604,296.419303
275.646931,622,296.708519
312.868678,738,297.039434
331.199313,796,297.424148
415.806326,773,297.778092
339.05918,775,298.139394
357.034902,857,298.55248
327.561807,830,298.919254
307.706568,864,299.311142
257.690706,703,301.409741
359.334923,743,301.763015
282.928923,756,302.119353
224.661059,667,302.438789
317.126894,725,302.779042
317.496171,756,303.13577
274.214422,720,303.468263
440.14533,892,303.920334
268.886489,661,304.22925
337.37952,758,304.568999
310.254078,669,304.869347
295.386255,653,306.918897
373.412372,753,307.256175
319.272601,695,307.589132
288.35034,844,307.989853
282.371556,716,308.30237
327.336257,693,308.6392
334.91642,693,308.958291
274.455881,723,309.280902
310.422446,762,309.618908
276.10336,774,309.966271
326.421285,775,310.398134
399.462493,872,312.601132
381.247635,823,312.978975
317.561274,797,313.352257
374.901605,780,313.718988
267.947254,680,314.041048
346.828739,781,314.412701
352.211969,688,314.744617
395.134878,866,315.118848
246.396406,652,315.435565
223.138471,583,315.718886
316.035413,742,316.052144
283.025115,658,318.285425
278.461407,757,318.635392
336.800515,689,318.958198
276.962069,693,319.276706
278.230296,571,319.553837
348.017466,712,319.868842
328.248041,787,320.218725
349.871508,653,320.518769
359.692031,715,320.835497
313.323956,740,321.284663
332.654362,839,321.712234
302.878606,769,323.845312
385.663612,709,324.17891
325.072655,790,324.535606
343.261063,749,324.896349
376.631207,881,325.302277
298.729757,630,325.588789
374.066279,787,325.93531
268.453422,628,326.218883
333.448464,681,326.601979
297.036143,717,326.938368
318.220651,698,327.238781
358.062051,832,329.401833
334.640261,800,329.788722
284.977281,731,330.113853
335.423638,687,330.418527
393.889037,822,330.808817
297.19334,739,331.139001
359.664742,729,331.485232
401.369795,761,331.838628
346.785516,669,332.145751
283.936721,757,332.552196
371.079695,866,332.951862
256.680211,795,335.118385
350.538355,704,335.437532
355.084234,681,335.737601
420.935964,901,336.151826
311.555875,881,336.568346
355.624833,789,336.92794
356.020677,622,337.20726
357.56783,808,337.588553
384.561992,872,337.987597
345.772238,722,338.318366
330.324498,742,338.668363
324.806013,751,340.848732
296.203382,678,341.151691
412.711039,799,341.518347
321.323117,710,341.844489
345.517212,871,342.253879
314.586507,698,342.594144
298.21738,717,342.95155
272.395711,679,343.273218
324.214636,721,343.595437
340.585506,776,343.945002
228.477689,608,344.211695
360.874906,760,346.373552
408.597142,842,346.753275
321.972846,677,347.061484
385.315739,699,347.368429
327.894548,821,347.761981
335.879471,728,348.088773
395.101755,741,348.418136
341.91106,855,348.828198
302.020598,637,349.128182
340.400717,743,349.468405
332.936981,649,349.764986
280.581697,707,351.867992
313.54157,641,352.168019
274.44099,664,352.474061
320.011327,710,352.838031
302.211761,681,353.1514
332.851716,748,353.4847
313.988977,691,353.789287
305.423706,794,354.151327
366.829263,863,354.538191
328.252813,720,354.861468
320.786789,768,355.251303
300.591827,755,357.338017
367.062742,746,357.701618
249.384749,649,358.011465
360.477151,624,358.309973
365.367567,685,358.618015
309.773722,843,359.094233
330.892077,825,359.488595
264.874007,713,359.817923
354.033133,732,360.144034
294.264349,647,360.43561
396.970227,769,360.787714
333.679845,799,361.167918
293.646164,725,363.238684
301.359801,766,363.601205
301.719055,705,363.934763
284.901219,690,364.261766
365.721723,655,364.567269
289.840592,687,364.884588
358.744921,910,365.318079
301.688289,704,365.668747
307.944877,700,365.984467
318.449921,756,366.327395
314.598104,755,366.681714
326.12543,903,368.96808
353.446209,831,369.342084
371.692513,848,369.717718
240.509002,684,370.051032
316.976394,690,370.351606
315.473209,610,370.650974
268.45174,593,370.934684
314.698028,687,371.243335
320.070084,837,371.637833
281.137256,730,371.972631
406.315166,886,372.377769
360.970424,676,374.444754
300.436554,663,374.738663
331.598077,719,375.077833
393.027258,821,375.501008
322.556471,755,375.837891
344.35478,903,376.293418
335.683207,696,376.634296
342.115228,721,376.950948
341.498241,731,377.297486
332.640508,671,377.594297
281.240423,639,377.876591
235.738432,590,380.017502
356.552764,763,380.351154
380.19306,693,380.667491
271.926369,764,381.020004
342.98397,638,381.300872
255.684037,602,381.584177
354.83248,823,381.994254
270.971069,689,382.300824
322.634865,763,382.650867
288.116555,562,382.946734
281.170624,854,383.367544
416.876033,687,383.717436
369.993043,897,385.901063
308.559493,762,386.250784
379.951893,735,386.587614
368.905277,816,387.000847
351.012977,659,387.300952
276.908315,707,387.637068
255.15797,624,387.917731
314.700545,647,388.217454
334.003747,905,388.643985
333.617798,770,388.987741
399.108595,850,391.134048
347.948185,692,391.451129
293.171234,804,391.843992
259.461985,602,392.119615
276.912332,741,392.45175
344.057169,795,392.809109
298.43014,588,393.077359
363.626188,869,393.55064
267.660351,640,393.837476
266.254087,607,394.137514
380.502044,849,394.526268
349.755336,866,396.643842
336.608846,648,396.957874
305.184685,627,397.23742
327.575592,824,397.650661
273.453232,824,398.01712
348.849436,628,398.302426
343.323909,850,398.683816
225.111266,673,398.987688
359.035865,696,399.326161
358.301042,786,399.684179
377.242531,887,400.117168
355.726177,667,400.417259
288.066558,748,402.567414
347.200989,832,402.954411
312.862713,801,403.317015
388.139369,764,403.683755
380.72743,965,404.17707
335.459186,763,404.533716
239.521625,709,404.858625
317.879895,777,405.203907
264.708994,795,405.583705
312.175059,870,405.976981
373.964538,715,408.076951
293.710434,731,408.400424
378.96683,962,408.850312
370.591956,832,409.226917
363.242582,772,409.566886
279.367479,720,409.887835
410.988782,881,410.308195
300.632026,760,410.65523
251.503918,729,410.983648
294.531471,748,411.327082
273.53321,800,413.507493
297.503286,645,413.807531
244.19211,588,414.076896
356.370893,691,414.405622
307.282244,813,414.776494
272.835465,670,415.075844
377.98263,829,415.467995
266.561161,838,415.853651
314.742314,701,416.192485
378.178425,820,416.576579
258.493603,652,416.887064
368.848786,792,419.066758
314.062724,722,419.400489
385.871996,761,419.750122
335.67083,695,420.11068
224.457161,502,420.333447
317.253651,743,420.666718
305.538973,691,420.99388
277.812935,702,421.31022
314.725442,708,421.633375
298.682353,703,421.966686
335.170751,856,422.350187
309.780965,737,422.69334
389.689202,767,424.818657
330.159042,997,425.2782
309.542127,792,425.633214
211.501907,557,425.906024
305.99554,763,426.259887
336.944066,654,426.567192
322.187379,806,426.943532
322.795667,681,427.267575
342.84965,776,427.634449
422.562671,784,428.003399
380.824033,912,428.42563
331.681834,741,430.553713
353.693124,767,430.899828
307.83492,810,431.276091
283.991163,657,431.59985
333.370813,829,431.966738
315.432242,719,432.367316
466.643936,810,432.733169
356.575471,749,433.099843
356.244292,615,433.393115
349.215219,729,433.737479
349.182091,804,435.849695
330.515873,692,436.192589
428.313268,901,436.592641
364.28126,790,436.975925
301.507616,656,437.277003
279.466385,824,437.65637
254.240244,733,437.999727
326.78167,767,438.353877
283.161255,774,438.700059
376.079911,766,439.084615
282.806371,609,439.366313
332.504306,720,441.505079
379.359109,806,441.882998
271.548641,636,442.182915
317.394046,697,442.499772
309.622708,787,442.855379
375.315582,801,443.216465
370.448833,783,443.575823
336.919587,665,443.949991
347.805531,673,444.26014
320.027069,710,444.593492
345.495355,721,444.916186
374.042549,683,445.249707
290.419038,657,447.299506
346.844675,669,447.599797
284.573828,722,447.950151
334.159986,708,448.276031
296.232534,568,448.566357
393.235034,736,448.899746
278.491867,694,449.216345
349.243302,774,449.566129
291.365255,546,449.816228
336.878567,738,450.199752
401.023375,827,450.566334
315.045138,694,450.916754
268.570172,655,453.016307
319.332024,645,453.316129
239.243229,728,453.654013
315.409378,747,454.049603
304.023533,857,454.459489
319.858557,750,454.843389
389.419261,719,455.215321
280.409307,596,455.501117
346.244279,742,455.832917
298.748197,566,456.092135
318.711341,756,456.438734
286.695043,709,458.615906
334.033639,723,458.966171
350.066305,844,459.382589
258.814304,607,459.652884
301.443259,683,459.96687
424.059615,819,460.33264
284.817519,639,460.615933
361.047448,732,460.969368
317.61876,801,461.342114
300.402765,714,461.682544
329.096551,814,462.07901
304.771927,769,464.166452
382.289271,861,464.566054
366.453175,798,464.942474
354.180874,772,465.294126
306.400417,637,465.592737
254.804148,629,465.882458
335.424863,783,466.280787
296.562894,690,466.59197
341.188653,748,466.932669
273.388186,728,467.270621
329.982581,695,467.582632
322.348192,761,469.753466
323.042157,766,470.116051
386.882421,810,470.482596
292.729174,828,470.875912
330.957248,767,471.215746
359.474436,777,471.565689
341.22437,785,471.93255
340.11671,786,472.307832
423.469286,711,472.642149
312.89095,513,472.916193
363.813957,697,473.249229
395.890771,812,475.358938
306.860418,593,475.649033
378.473522,766,476.049159
393.105847,817,476.432465
320.169077,723,476.759475
395.152258,667,477.093022
278.92893,641,477.399186
366.633844,865,477.795188
391.899153,723,478.13619
381.752994,668,478.441947
338.478853,745,478.815577
323.190424,815,480.95763
357.991594,765,481.332268
285.718119,655,481.632156
314.181467,922,482.048837
306.357166,693,482.359194
279.056765,719,482.706412
263.569628,710,483.0423
303.697292,759,483.382171
321.260935,822,483.776247
393.057744,802,484.141769
283.729501,778,484.515442
312.508315,738,486.591399
328.945065,848,487.006799
250.921361,580,487.266024
330.913326,666,487.565921
336.415202,753,487.908171
366.50433,776,488.267052
281.837979,675,488.593191
365.260174,806,488.949098
378.558901,762,489.35269
300.97716,656,489.65186
324.388279,678,489.965591
262.91594,615,490.242346
245.055411,685,492.398676
341.069149,696,492.70918
310.279251,650,493.015305
383.582653,749,493.365328
344.680135,762,493.715352
372.651867,790,494.081927
317.389355,787,494.532119
329.852493,731,494.867346
397.992402,853,495.248791
272.934863,754,495.615204
317.9633,701,495.949436
297.719473,609,498.015142
308.19628,812,498.381835
245.902366,626,498.681841
251.666334,833,499.05881
350.524354,775,499.415164
330.631308,700,499.747384
305.877565,653,500.048597
365.75527,682,500.358959
370.391698,831,500.740139
294.884995,702,501.065171
290.66122,673,501.365162
375.488123,827,503.548317
312.488928,643,503.871472
288.040604,714,504.198645
395.295263,748,504.531913
417.373512,707,504.881937
260.483083,685,505.274247
385.733946,713,505.615013
296.834802,794,505.981772
299.263158,755,506.333125
324.123706,711,506.658343
221.05245,653,506.958551
445.053515,991,509.175388
352.267005,723,509.524938
312.977613,745,509.865047
292.450416,745,510.231652
404.38207,654,510.564896
366.917839,757,510.898246
313.243215,648,511.214919
357.084824,784,511.598577
343.514474,732,511.955065
328.102372,711,512.306129
341.394749,705,512.635153
309.172883,601,512.949182
304.092845,781,515.098582
360.477628,686,515.414848
322.840068,716,515.751857
300.790747,751,516.114908
301.066143,748,516.464816
341.069569,737,516.804529
334.924589,666,517.125125
237.209595,704,517.440968
298.149849,691,517.77029
297.680329,691,518.114755
368.559491,712,518.431734
322.230751,881,520.647967
341.29749,654,520.948265
319.98559,717,521.288409
356.048833,795,521.664739
306.612685,778,522.041992
344.948721,729,522.38135
318.482727,713,522.698112
304.70719,739,523.114764
390.842366,882,523.526054
274.511857,664,523.827649
292.558019,595,524.111676
336.631551,741,526.265545
288.201391,634,526.575441
377.662513,744,526.907998
414.851465,784,527.269356
305.140805,621,527.547882
315.580341,707,527.881107
300.419264,612,528.173584
274.007842,598,528.441286
405.433006,778,528.80145
337.101839,768,529.174648
450.653631,912,529.623093
413.452055,867,531.751254
299.349397,748,532.114816
351.074845,658,532.414489
340.091539,785,532.78
393.140368,738,533.115167
443.641619,757,533.451252
376.759752,832,533.832608
302.869956,665,534.149351
329.911242,661,534.447725
377.1903,739,534.780994
343.76621,729,535.131198
303.599068,612,535.401805
328.850785,724,537.564398
301.831908,791,537.951474
361.162106,635,538.252593
360.999433,777,538.614479
351.833956,857,539.008195
286.676785,732,539.340048
381.542186,715,539.674529
268.729798,616,539.947906
312.443575,773,540.297698
379.219659,831,540.68995
295.564374,766,541.034863
331.101199,794,543.177124
227.185885,518,543.408238
384.975619,884,543.814299
327.760662,701,544.157623
328.482198,702,544.480879
323.572241,655,544.786933
334.302678,796,545.164241
295.576063,619,545.451726
352.042861,782,545.834341
250.255823,708,546.240931
309.456062,727,546.5643
286.357008,649,548.616634
318.021564,698,548.957739
241.032968,685,549.270771
334.142387,757,549.602795
273.159777,714,549.944295
275.593598,742,550.284715
333.918647,750,550.640318
257.438078,632,550.924184
265.127122,714,551.250916
256.829389,642,551.547524
316.677867,684,551.87357
350.292434,689,552.197055
301.864647,647,554.309581
254.569143,656,554.6141
315.099508,618,554.890696
335.791155,760,555.258916
373.477999,730,555.580677
332.947478,690,555.899642
330.060911,769,556.273131
344.883831,782,556.640897
348.345881,721,556.971968
334.052126,706,557.29264
407.142496,762,557.703822
407.602964,709,559.767554
306.051086,700,560.098105
306.748261,715,560.423507
309.133782,646,560.730587
288.367181,690,561.050834
280.851479,583,561.313961
333.260572,813,561.758646
325.392876,861,562.143957
331.764939,689,562.464036
375.372652,751,562.823376
366.572854,681,563.130499
305.585749,578,563.389557
342.769933,823,565.589411
323.301322,706,565.922077
387.849433,806,566.286472
229.801295,634,566.573317
350.191497,768,566.93992
261.776424,652,567.232321
325.83919,862,567.652206
327.846955,787,568.007069
289.765191,718,568.34043
314.247368,693,568.652827
287.21333,687,568.947038
289.42941,718,571.046948
315.876856,655,571.346855
372.650078,662,571.64699
361.133181,753,571.980551
285.806823,716,572.324754
331.497566,654,572.616202
402.492129,793,573.030284
344.109769,756,573.37576
296.004605,689,573.713902
291.633889,652,574.006929
321.534991,647,574.297011
336.241162,789,574.66654
349.445152,730,576.767028
346.049258,686,577.071431
283.104588,617,577.340225
329.603922,678,577.657593
298.2662,573,577.913593
321.333313,762,578.271161
315.93556,628,578.573019
358.630326,683,578.890685
370.284994,799,579.274103
282.260255,664,579.56356
367.434789,702,579.896833
313.646592,778,580.248797
319.334035,715,582.397825
330.436666,706,582.720893
254.507838,759,583.063431
375.496321,832,583.43996
300.937394,661,583.739101
284.47274,556,583.990326
357.032753,766,584.330103
238.801354,604,584.613465
372.593562,745,584.963474
314.635587,700,585.285038
284.168836,603,585.613436
344.099439,691,587.750163
292.036512,687,588.089521
338.330978,740,588.422785
317.214552,661,588.723498
308.340994,808,589.079952
398.252236,716,589.413254
303.21605,666,589.7301
310.957066,875,590.139982
390.237579,799,590.502115
359.622432,842,590.880378
361.498501,794,591.229959
319.100422,709,593.413199
381.965523,827,593.796525
391.823285,840,594.207041
368.586087,749,594.550414
308.72987,684,594.950535
285.285247,756,595.290782
352.884562,687,595.614107
318.423232,683,595.940107
310.631501,720,596.267691
339.910171,717,596.613225
315.762606,647,596.91315
332.931722,824,599.02338
368.399308,830,599.41313
352.822038,750,599.75045
277.07262,810,600.122607
350.557105,808,600.489759
273.819664,506,600.723063
361.268859,877,601.113049
256.455022,657,601.413127
366.324177,656,601.719116
306.861703,757,602.098251
294.987537,730,602.429669
282.117818,651,602.72973
379.634671,779,604.879667
354.327748,859,605.282594
361.842638,729,605.629856
310.694363,716,606.022211
360.141571,921,606.446311
317.668944,681,606.768763
389.24634,860,607.155315
278.122142,709,607.480088
298.238803,653,607.787657
386.920747,748,608.133354
431.18756,620,610.206254
322.935127,721,610.564027
432.341071,785,610.929621
369.0184,754,611.363023
353.733988,772,611.712962
287.22516,795,612.09572
285.230952,679,612.412838
364.791905,754,612.766327
360.152007,887,613.179539
324.88794,746,613.52282
342.087595,797,613.879503
347.343492,832,616.046115
294.474203,660,616.346132
290.565695,654,616.656252
364.480962,703,617.013113
298.483134,613,617.298717
282.238296,767,617.64623
301.555505,733,617.989483
362.136367,802,618.34965
360.822564,704,618.679379
371.322555,884,619.079358
265.165708,591,619.379483
314.916827,723,619.712707
286.324598,634,621.829317
302.400247,567,622.099571
359.961713,775,622.473378
394.076694,858,622.856458
377.529219,833,623.246042
346.773233,757,623.622781
324.586363,712,623.962739
243.803695,696,624.30409
454.504624,922,624.722119
279.155578,606,625.012919
327.14926,813,625.399382
368.44146,858,627.539297
365.099959,739,627.87201
322.376203,733,628.195844
437.158282,831,628.573548
308.170562,702,628.888666
260.371726,588,629.149276
391.945664,836,629.539975
403.142611,730,629.89941
340.833916,724,630.239353
375.99026,765,630.622386
314.268704,800,632.726286
292.11559,736,633.079091
332.498428,760,633.412368
304.481277,785,633.78232
270.232287,659,634.099193
292.463264,585,634.362398
360.03984,681,634.671398
340.3309,694,634.989179
425.207898,866,635.380024
231.024682,668,635.749187
307.133478,821,636.129052
322.414355,745,636.478997
261.563302,693,638.593054
289.804626,704,638.906119
426.242723,766,639.245641
373.601174,790,639.624287
340.94314,716,639.949178
242.089102,672,640.269998
301.80359,718,640.622848
364.938374,672,640.922303
336.083144,681,641.245663
311.485604,697,641.578384
257.733388,684,641.878904
262.761497,707,643.971648
323.759958,862,644.379838
282.997773,754,644.745455
258.896567,806,645.105561
427.869541,887,645.512337
425.984482,915,645.922178
366.207614,704,646.273861
320.250558,813,646.638963
336.693894,678,646.962095
403.053969,856,647.345571
300.36766,676,647.662204
279.239745,882,649.849171
309.057054,698,650.162057
356.782183,657,650.448931
308.621192,724,650.795557
306.904363,650,651.095343
336.970409,713,651.412162
264.379277,531,651.662239
440.282681,818,652.078694
278.284373,617,652.363622
399.965117,596,652.628712
300.123972,753,652.970973
312.543671,664,655.02888
468.429548,853,655.438168
321.468,744,655.775283
340.599677,881,656.206023
330.552135,788,656.61482
260.484228,644,656.89876
371.7598,639,657.199175
306.967352,698,657.528587
358.571484,699,657.845304
356.372324,855,658.270375
334.545212,799,658.628557
325.775788,677,660.766154
365.355195,754,661.11215
396.834361,827,661.510747
277.9885,785,661.880691
303.245871,567,662.148702
359.899645,821,662.528548
242.134957,674,662.828544
313.272424,786,663.195113
239.052098,696,663.511812
362.112938,713,663.861805
314.871286,785,664.238471
437.002801,880,666.395284
342.539294,704,666.728433
226.128278,640,667.012069
339.907949,728,667.34513
313.866362,913,667.763563
325.005671,690,668.110741
333.950575,748,668.445104
260.013919,742,668.786575
278.399364,782,669.128441
315.683434,832,669.511674
367.508285,875,669.911624
388.481666,702,671.994971
270.347265,716,672.320633
358.611074,667,672.623287
269.509119,566,672.878355
363.43058,756,673.22824
446.634805,943,673.644922
322.389311,683,673.961622
301.518732,676,674.301916
365.672597,661,674.59881
324.082855,709,674.911614
351.28333,816,675.311547
376.093632,792,677.44483
342.46558,655,677.748598
351.515578,741,678.078163
308.976102,753,678.44489
315.916908,789,678.81181
301.435672,739,679.144854
267.208321,728,679.49017
327.985328,839,679.861351
378.094673,800,680.244633
248.456171,684,680.544775
383.021534,772,680.995421
294.065292,681,683.102555
448.753857,869,683.494962
380.293957,791,683.844709
298.18825,740,684.269831
324.490181,697,684.686217
268.495133,758,685.044749
421.40769,838,685.437886
319.885526,618,685.733015
352.239509,721,686.070422
352.914418,747,686.411292
411.257777,762,686.844687
309.592243,678,688.927196
340.92874,806,689.311481
291.365297,723,689.637408
380.671538,838,690.04475
259.604946,637,690.337945
323.357019,863,690.727927
324.172232,804,691.097517
347.78537,856,691.495533
307.530497,859,691.886841
341.979707,792,692.253588
377.645457,775,692.630213
332.618693,702,694.721525
319.849367,750,695.07071
260.769507,797,695.437843
272.455602,741,695.786676
282.009589,780,696.13785
315.992352,741,696.477883
349.423137,876,696.894928
265.376541,603,697.177776
339.975397,682,697.488372
324.351712,796,697.867924
366.730575,949,700.077697
313.656431,846,700.471278
295.874806,685,700.794308
278.857791,750,701.144722
301.869171,743,701.477874
403.520015,853,701.877992
356.525349,815,702.280598
327.549907,780,702.637704
301.883004,796,702.987087
258.120066,661,703.29259
390.192537,857,703.67764
258.520993,728,705.761528
267.200247,801,706.127912
297.653921,704,706.44424
356.224364,669,706.744271
302.810515,682,707.094325
316.298577,660,707.387669
268.547561,675,707.719931
359.793948,946,708.160777
302.020342,643,708.477636
326.922785,758,708.86086
287.255805,742,709.220374
350.849533,673,711.244131
331.828922,794,711.627575
280.832051,700,711.986469
313.972768,705,712.294255
384.055784,891,712.746685
369.427642,763,713.111043
282.637853,795,713.461021
378.086619,822,713.84198
397.527289,651,714.127457
350.923831,758,714.470175
320.519145,793,714.839417
356.571225,765,716.978195
333.126625,596,717.268521
304.495026,666,717.569246
271.45165,870,717.960804
414.683049,705,718.310986
371.972065,751,718.670133
303.206336,708,719.00492
267.379877,734,719.337343
314.368842,722,719.687598
437.320993,690,719.993989
413.787383,922,720.410692
293.458025,756,722.494033
353.688042,819,722.870059
352.484986,810,723.24391
351.480503,821,723.637455
322.683242,743,723.986746
407.18491,780,724.361728
370.305616,889,724.743853
350.383354,742,725.186238
338.645076,727,725.527229
333.752229,754,725.870016
378.416179,798,727.997282
367.0869,871,728.394075
314.771881,680,728.737306
303.01969,740,729.060681
369.906997,688,729.377275
278.77288,697,729.732597
465.989162,740,730.077314
398.380295,801,730.443863
265.021284,642,730.746747
276.513852,694,731.070721
372.483847,853,731.44787
237.256074,538,731.693804
259.205057,709,733.86073
336.250064,804,734.217197
323.553019,659,734.527098
421.355961,788,734.960391
329.319465,851,735.387271
348.002874,705,735.737902
334.294261,749,736.098468
370.764395,908,736.523097
358.864451,820,736.894226
326.895976,653,737.193951
415.003911,726,739.699691
326.741092,732,740.073672
326.701824,783,740.449913
232.577414,635,740.77099
309.680747,771,741.168626
298.048361,632,741.482101
318.531975,730,741.8371
300.022882,698,742.160083
277.022799,732,742.492413
352.237814,758,742.851083
325.843935,807,743.226918
286.274938,672,743.530493
334.475228,695,745.64349
402.603225,867,746.026843
313.765554,742,746.386902
322.171819,796,746.746977
304.750298,768,747.137818
331.40333,730,747.476786
361.300467,668,747.776757
418.102351,812,748.177634
340.901721,662,748.494976
336.759174,822,748.895983
387.881218,845,751.260744
276.938077,624,751.590766
342.777962,744,751.928431
389.159321,635,752.2456
321.33098,744,752.593331
338.316261,850,752.97654
378.260183,860,753.376497
342.139802,811,753.762451
265.399076,754,754.165206
313.914268,790,754.562925
308.575417,744,754.927341
370.435841,811,757.326523
295.317036,698,757.682791
365.344114,871,758.14669
270.499199,727,758.526566
302.746772,703,758.902794
327.239518,800,759.312156
349.785365,938,759.803249
374.071171,864,760.400293
277.248485,657,760.78433
334.654662,787,761.248704
440.373593,656,761.613787
369.391733,883,764.135157
345.349872,812,764.536647
341.300331,745,764.881265
376.658062,708,765.250298
343.151344,789,765.636883
426.234908,876,766.085109
328.846835,713,766.410034
336.333757,735,766.744298
377.167594,748,767.158853
317.869995,687,767.660999
341.730947,778,769.947187
258.442945,614,770.26185
319.491134,767,770.634423
344.282875,731,770.973906
421.533553,795,771.364287
253.189773,622,771.66457
332.137321,714,772.010523
255.804124,665,772.321436
361.228735,978,772.78157
352.054688,764,773.137485
286.035008,661,773.445956
323.052123,740,773.809572
326.41875,829,776.477439
369.927343,824,777.093524
311.441211,742,777.477849
340.67865,894,777.938435
363.583781,657,778.246011
394.798613,774,778.602103
390.038895,889,779.013488
306.783966,599,779.291527
379.381702,932,779.718021
339.342822,770,780.081596
317.977137,832,782.694662
321.941562,803,783.060251
363.869536,730,783.395898
278.95966,726,783.734493
341.11328,693,784.059084
346.000947,740,784.708254
394.370475,771,785.116513
449.311196,776,785.504797
332.094249,825,785.928057
273.019113,691,786.266313
306.351735,782,786.626135
343.941436,731,788.747074
342.256608,730,789.078978
342.422014,813,789.473968
303.209313,615,789.76349
372.974723,816,790.167039
365.08083,773,790.531481
250.171089,703,790.85904
338.968527,709,791.191127
310.581467,715,791.533084
283.691352,629,791.827817
345.004615,807,792.202297
296.407745,662,794.378981
408.611885,851,794.773585
301.714055,731,795.108247
374.073371,810,795.483754
328.677864,617,795.788529
332.641373,651,796.093127
288.409676,643,796.391012
297.032293,735,796.738356
294.142467,621,797.02901
330.924138,763,797.380838
360.268608,821,797.761005
314.39429,841,800.005239
300.489001,524,800.257666
323.585689,817,800.638485
282.814821,832,801.0318
311.770239,650,801.335353
276.555144,718,801.671752
305.801533,843,802.057832
369.71753,799,802.442112
284.728887,569,802.707289
233.071486,665,803.013093
352.123116,745,803.365066
322.228716,719,803.698077
307.340871,768,805.900386
349.345036,733,806.231227
445.82232,867,806.645288
280.802264,645,806.938289
270.675089,607,807.217124
354.90044,622,807.509937
365.986899,777,807.870004
298.682151,742,808.244182
350.580464,660,808.549076
331.372152,758,808.918461
313.872843,695,809.239173
289.937244,587,811.277131
303.351618,516,811.522359
330.176764,734,811.852105
325.306891,660,812.176122
301.950766,757,812.520452
322.969923,727,812.861688
391.476822,746,813.219005
323.372979,656,813.524176
251.757419,651,813.831476
303.642485,688,814.146964
288.888755,737,814.518935
266.716302,537,814.772981
297.131257,705,816.876317
292.813296,631,817.194932
387.01552,749,817.531452
340.929656,786,817.90092
334.049744,613,818.206639
283.634669,613,818.496933
318.391887,688,818.813802
383.402885,761,819.166049
345.325223,749,819.528009
354.380963,781,819.88805
330.831679,812,820.261007
328.139506,636,820.562969
307.396667,828,822.759406
263.405259,649,823.050206
293.880482,675,823.359334
321.558674,781,823.737338
349.133683,750,824.086904
322.003554,640,824.392336
360.752776,780,824.754345
373.401537,848,825.149032
374.310229,759,825.500863
353.039892,750,825.846564
289.324995,697,826.185804
345.438912,712,828.325963
311.031224,812,828.69904
274.350809,595,828.977101
386.025011,718,829.317453
233.30929,569,829.582259
372.987163,764,829.932806
325.698117,699,830.272446
311.429685,677,830.594439
329.530692,798,830.991023
295.203359,685,831.309459
334.934323,838,831.699258
315.543414,716,833.80026
308.961356,873,834.259225
349.485898,793,834.626211
285.239768,630,834.913313
298.477372,652,835.213444
381.005483,744,835.5568
279.856122,678,835.868182
342.595559,764,836.214875
313.698991,817,836.603926
306.389359,722,836.936703
261.263181,633,837.23737
353.215959,781,837.60113
334.368923,726,839.787264
264.389081,526,840.023942
314.433187,716,840.352099
402.650658,781,840.725219
354.778647,684,841.039009
332.459643,728,841.375974
355.898313,793,841.741047
428.800559,788,842.098103
387.455333,853,842.487902
353.89993,621,842.774864
368.88501,651,843.083141
316.525446,550,845.125824
329.587541,760,845.486887
333.690409,716,845.815867
415.97152,911,846.232231
402.603433,730,846.568926
353.479956,660,846.872425
346.798289,837,847.333931
333.043012,775,847.712358
245.638512,734,848.053383
370.640428,736,848.393265
330.924187,740,848.73889
304.664591,524,850.772988
339.987572,760,851.138198
344.92302,749,851.504351
381.878881,649,851.837347
300.917531,630,852.132315
390.525651,728,852.683904
348.596395,881,853.216856
394.552268,871,853.622487
280.225133,622,853.921433
296.808961,670,854.253604
391.480653,719,854.610569
359.339212,804,854.982131
305.725068,635,857.103376
347.004311,868,857.510682
257.728219,635,857.814775
329.324864,744,858.159075
357.421775,864,858.577137
244.089293,702,858.9229
313.446228,685,859.244729
326.322004,743,859.587967
255.648058,639,859.886245
300.859351,657,860.189903
336.32867,728,860.528706
395.28137,899,862.739191
246.436201,670,863.042977
315.397199,710,863.405825
324.425356,759,863.763604
262.949742,599,864.038956
311.794789,724,864.374109
377.567378,755,864.727728
379.260828,794,865.106954
322.908939,652,865.406896
353.968718,633,865.71076
400.42061,738,866.054233
343.056435,717,868.154678
291.218211,638,868.460952
314.89604,793,868.824446
306.261309,675,869.14589
314.892129,675,869.448121
345.684655,601,869.727744
401.718871,724,870.06112
322.979625,659,870.363803
292.499539,666,870.700005
324.345948,677,871.009959
353.126173,727,871.371556
329.536882,763,871.73295
267.286665,681,873.835412
399.659355,828,874.227939
390.322049,796,874.600063
309.510032,677,874.916416
346.117695,663,875.221007
351.794498,873,875.642241
345.315327,763,875.99076
313.726539,729,876.325722
353.535906,769,876.750659
354.353088,858,877.167346
276.054744,765,877.507416
335.720404,689,879.607233
282.645421,740,879.942689
278.618205,559,880.207549
318.732205,785,880.617326
365.928807,867,881.127478
402.83786,757,881.504504
275.333693,716,881.842684
392.248955,648,882.151249
296.325467,683,882.485269
337.325114,646,882.804761
363.198507,659,883.126112
400.222153,633,883.407211
326.175531,648,885.555345
300.404168,585,885.80734
405.251889,702,886.157266
346.213877,709,886.488847
251.808733,605,886.77383
335.446197,690,887.100858
360.172975,741,887.42396
317.778048,723,887.773978
389.161428,775,888.16308
279.027237,641,888.449937
333.06245,807,888.851893
304.465392,698,890.923657
277.634076,582,891.207682
301.507609,827,891.594287
284.18184,597,891.867237
306.75287,772,892.217141
307.013343,748,892.55045
371.302942,728,892.909245
408.537742,833,893.273665
300.589823,703,893.624395
368.648208,721,893.957074
247.970906,633,894.244019
406.891188,790,894.607114
338.832095,679,896.699214
297.432751,805,897.081206
296.807709,657,897.407144
382.313885,852,897.790348
347.815922,765,898.140273
320.939045,601,898.406927
377.058938,653,898.723572
391.82604,602,899.007061
296.537393,692,899.343725
319.427854,694,899.656942
359.926235,688,899.956864
346.608221,772,902.073421
212.114732,664,902.390141
306.829797,690,902.716877
303.030559,763,903.056822
408.523244,756,903.407488
273.461946,786,903.773414
464.533533,783,904.154033
372.505396,723,904.475913
289.244303,794,904.842594
340.961816,670,905.154047
339.983076,751,905.483009
348.325317,835,907.694532
262.73704,752,908.056895
390.351326,846,908.467187
356.667286,727,908.810718
310.835836,790,909.189622
346.30765,689,909.526233
389.536542,758,909.915195
357.967222,679,910.234078
335.619678,750,910.617944
393.027009,759,910.973744
241.210631,616,911.291467
306.538381,766,914.073393
338.767914,739,914.441966
413.837227,664,914.75855
300.577406,874,915.167203
323.694429,768,915.506867
301.637864,726,915.843047
346.834548,765,916.209159
330.415676,709,916.543108
283.079531,759,916.90043
396.795323,707,917.240004
307.772294,660,917.539228
343.097908,737,917.889923
426.607558,775,920.106777
328.479112,790,920.473247
322.458839,733,920.806658
320.397474,680,921.134936
313.426051,788,921.490728
276.835586,732,921.842889
394.690247,632,922.139955
336.553495,734,922.473499
351.180639,708,922.806569
272.897716,805,923.173191
290.869297,658,923.480085
294.352809,502,925.506619
334.826164,666,925.806788
361.239467,709,926.133071
404.525935,795,926.506548
294.566932,766,926.849756
346.404757,738,927.182634
292.995563,651,927.48979
300.782735,658,927.806377
297.715385,720,928.142832
428.551224,882,928.552441
304.627109,771,928.923092
301.760038,721,930.999635
251.568123,784,931.356384
387.388467,693,931.712877
358.66587,850,932.098945
288.035542,608,932.385314
318.280714,754,932.756864
355.92644,657,933.042592
292.08088,666,933.342634
357.953304,816,933.723043
384.423371,737,934.073005
289.10296,614,934.356264
286.960981,701,934.689626
288.805898,722,936.806531
391.001748,814,937.189709
290.836303,742,937.522907
264.387943,761,937.892521
300.650119,669,938.20622
291.253256,708,938.522861
300.586496,646,938.816227
315.126147,680,939.122814
262.582368,693,939.456949
257.961357,795,939.850033
386.639848,724,940.172865
345.979454,773,942.342003
398.478884,872,942.739503
340.349913,783,943.092576
311.417007,718,943.422792
387.553751,840,943.82275
254.514377,728,944.14297
292.024449,686,944.499705
359.763419,613,944.80636
289.017184,693,945.116566
323.37635,757,945.455943
289.236192,716,945.781738
255.747705,719,948.095753
285.643131,704,948.502376
292.235491,708,948.864404
324.140472,803,949.273729
317.16839,715,949.62531
405.165755,882,950.043521
307.95878,632,950.351132
261.837132,784,950.705986
314.379427,689,951.033066
312.886601,783,951.402096
338.02805,872,951.792141
401.922384,833,953.99925
326.841283,677,954.305862
321.484723,812,954.692071
313.106995,795,955.072607
242.695864,637,955.395776
303.258436,743,955.773661
354.571741,780,956.139203
391.970318,851,956.541918
331.425713,806,956.905689
282.122589,666,957.239432
277.300935,587,957.506405
286.465184,777,959.806612
357.815655,720,960.139028
324.816673,780,960.490537
345.370342,748,960.872764
308.050839,621,961.173234
327.47257,593,961.452189
365.215115,874,961.855588
344.450201,724,962.201869
286.996316,730,962.535497
311.151112,632,962.822724
327.584668,897,963.247378
371.26213,748,965.428374
396.827969,781,965.781575
287.118194,622,966.055601
277.174834,695,966.476927
267.759313,734,966.806219
408.386902,816,967.188878
324.421351,780,967.542707
355.174824,812,967.932324
339.818151,768,968.282342
284.631855,709,968.591641
366.643114,702,968.967199
